place,bib,racer_id,group,time,race_id
1,1,1,ALL,00:22:59.5,60
2,4,90,ALL,00:23:36.4,60
3,27,27,ALL,00:33:10.6,60
4,8,3,ALL,00:34:02.7,60
5,11,6,ALL,00:35:04.2,60
6,22,23,ALL,00:35:05.2,60
7,6,357,ALL,00:37:03.5,60
1,11,2,ALL,00:28:6.4,59
2,1,1,ALL,00:28:07.2,59
3,13,3,ALL,00:33:18.7,59
4,22,27,ALL,00:33:19.5,59
5,27,6,ALL,00:35:56.3,59
6,6,10,ALL,00:36:19.4,59
7,4,80,ALL,00:36:20.4,59
1,22,347,ALL,00:27:15.4,57
2,1,1,ALL,00:27:16.4,57
3,11,2,ALL,00:35:29.5,57
4,4,12,ALL,00:35:31.5,57
5,24,23,ALL,00:35:37.6,57
6,27,27,ALL,00:37:27.4,57
7,6,250,ALL,00:39:21.8,57
8,3,51,ALL,00:44:30.3,57
9,9,6,ALL,00:44:30.4,57
1,1,1,ALL,00:24:45.5,58
2,11,2,ALL,00:24:46.9,58
3,8,13,ALL,00:24:55.9,58
4,27,30,ALL,00:25:35.5,58
5,24,4,Denmark,00:27:00.5,58
6,13,14,ALL,00:31:35.6,58
7,4,118,ALL,00:32:23.4,58
8,9,6,ALL,00:38:22.3,58
9,22,247,ALL,00:38:39.4,58
10,44,260,ALL,00:38:41.2,58
1,1,1,ALL,00:23:57.3,56
2,4,13,ALL,00:23:58.3,56
3,11,2,ALL,00:25:07.6,56
4,13,4,Denmark,00:27:30.9,56
5,26,10,ALL,00:34:36.6,56
6,22,3,ALL,00:34:37.5,56
1,1,1,ALL,00:27:20.1,55
2,11,2,ALL,00:27:22.0,55
3,6,6,ALL,00:36:51.3,55
4,13,24,ALL,00:36:53.6,55
1,1,1,ALL,00:23:32.8,54
2,4,13,ALL,00:23:33.9,54
3,11,2,ALL,00:25:37.0,54
4,13,4,Denmark,00:28:10.8,54
5,3,24,ALL,00:29:46.1,54
6,22,14,ALL,00:31:59.5,54
7,6,6,ALL,00:38:28.0,54
1,4,13,ALL,00:23:38.2,53
2,6,185,ALL,00:24:02.0,53
3,1,1,ALL,00:24:03.4,53
4,11,2,ALL,00:25:48.4,53
5,9,10,ALL,00:33:51.3,53
6,37,3,ALL,00:35:22.9,53
1,1,1,ALL,00:22:57.8,52
2,4,13,ALL,00:23:39.4,52
3,15,90,ALL,00:28:37.5,52
4,22,4,Denmark,00:29:57.5,52
5,27,116,ALL,00:30:24.3,52
6,12,338,ALL,00:33:52.7,52
7,13,24,ALL,00:33:54.2,52
8,6,14,ALL,00:33:55.4,52
9,37,3,ALL,00:37:26.1,52
10,9,6,ALL,00:38:56.4,52
11,8,27,ALL,00:39:00.9,52
12,3,63,ALL,00:59:20.6,52
13,11,2,ALL,00:59:21.8,52
1,1,1,ALL,00:25:11.8,51
2,22,25,ALL,00:25:14.4,51
3,11,2,ALL,00:25:15.4,51
4,12,15,ALL,00:28:33.2,51
5,13,4,Denmark,00:28:52.1,51
1,1,1,ALL,00:24:37.0,50
2,22,62,ALL,00:24:40.0,50
3,11,2,ALL,00:25:01.3,50
4,24,25,ALL,00:26:09.9,50
5,100,11,ALL,00:26:16.4,50
6,3,4,ALL,00:31:01.5,50
7,25,256,ALL,00:38:01.5,50
1,99,28,ALL,00:30:43.0,49
2,100,11,ALL,00:30:44.8,49
3,12,3,ALL,00:39:12.0,49
1,1,1,Loop-Beer,00:51:07.6,49
2,4,13,Loop-Beer,00:51:31.4,49
3,11,2,Loop-Beer,00:57:45.3,49
4,22,25,Loop-Beer,01:01:04.6,49
5,37,271,Loop-Beer,01:6:35.1,49
1,1,1,ALL,00:28:25.9,46
2,11,2,ALL,00:28:28.6,46
3,4,3,ALL,00:34:50.1,46
1,1,1,ALL,00:23:59.4,48
2,4,13,ALL,00:24:00.9,48
3,11,2,ALL,00:25:35.8,48
4,12,62,ALL,00:25:37.4,48
5,21,32,ALL,00:26:14.2,48
6,6,11,ALL,00:26:45.6,48
7,24,25,ALL,00:30:32.8,48
8,13,207,ALL,00:42:50.6,48
9,44,234,ALL,00:42:52.8,48
10,22,141,ALL,00:42:59.8,48
11,25,263,ALL,00:43:02.3,48
1,11,2,ALL,00:30:19.7,47
2,12,4,ALL,00:35:27.8,47
3,1,1,ALL,00:38:24.1,47
4,2,237,ALL,00:38:26.8,47
1,3,25,ALL,00:26:27.3,45
2,1,1,ALL,00:26:28.1,45
3,11,2,ALL,00:27:59.9,45
4,13,110,ALL,00:28:01.4,45
5,26,15,ALL,00:29:58.1,45
6,99,28,ALL,00:32:12.8,45
7,100,64,ALL,00:34:03.3,45
8,2,11,ALL,00:34:8.1,45
9,9,146,ALL,00:46:47.3,45
10,44,201,ALL,00:46:49.2,45
1,1,1,ALL,00:26:37.8,44
2,22,62,ALL,00:26:41.4,44
3,3,3,ALL,00:33:14.2,44
4,45,15,ALL,00:35:31.6,44
5,26,26,ALL,00:36:21.7,44
1,1,124,ALL,00:26:19.0,43
2,2,25,ALL,00:26:20.0,43
3,3,3,ALL,00:33:8.0,43
1,1,1,ALL,00:24:18.6,41
2,4,13,ALL,00:24:21.6,41
3,21,25,ALL,00:27:31.6,41
4,25,62,ALL,00:27:33.6,41
5,11,2,ALL,00:27:51.4,41
6,3,101,ALL,00:27:52.5,41
7,27,81,ALL,00:35:22.8,41
8,26,3,ALL,00:37:03.8,41
9,99,145,ALL,00:37:6.1,41
1,26,359,Dutch,00:23:09.5,40
2,1,1,ALL,00:24:38.6,40
3,21,25,ALL,00:26:29.6,40
4,11,2,ALL,00:26:30.5,40
5,4,13,ALL,00:26:31.0,40
6,45,15,ALL,00:28:28.6,40
7,6,332,ALL,00:28:35.0,40
8,27,101,ALL,00:28:37.3,40
9,3,81,ALL,00:29:07.1,40
10,9,24,ALL,00:35:8.2,40
11,97,64,ALL,00:36:34.1,40
12,99,28,ALL,00:36:35.1,40
13,13,11,ALL,00:36:36.3,40
14,50,178,ALL,00:36:38.1,40
15,22,26,ALL,00:40:19.6,40
16,25,216,ALL,00:40:19.7,40
17,12,6,ALL,00:41:57.2,40
1,1,1,ALL,00:27:29.4,39
2,12,15,ALL,00:27:31.0,39
3,2,11,ALL,00:27:38.4,39
4,11,2,ALL,00:28:03.5,39
5,4,115,ALL,00:31:39.4,39
6,6,23,ALL,00:34:20.3,39
7,9,109,ALL,00:36:50.2,39
1,1,1,ALL,00:24:27.4,36
2,21,32,ALL,00:24:50.1,36
3,2,11,ALL,00:25:43.4,36
4,6,25,ALL,00:27:33.1,36
5,11,2,ALL,00:27:44.0,36
6,12,15,ALL,00:28:41.1,36
7,24,294,ALL,00:28:57.9,36
8,26,292,ALL,00:29:00.0,36
9,22,84,ALL,00:29:24.1,36
10,27,3,ALL,00:33:18.7,36
11,4,300,ALL,00:34:27.1,36
12,9,104,ALL,00:34:31.8,36
13,100,26,ALL,00:35:54.9,36
14,99,342,ALL,00:55:8.9,36
15,25,147,ALL,00:55:23.9,36
1,1,1,ALL,00:27:18.6,37
2,6,25,ALL,00:27:22.1,37
3,27,3,ALL,00:33:21.1,37
4,12,104,ALL,00:35:6.6,37
5,24,311,ALL,00:35:27.5,37
6,44,156,ALL,00:42:21.9,37
7,37,189,ALL,00:42:32.6,37
8,99,63,ALL,01:03:48.1,37
9,11,2,ALL,01:03:51.9,37
1,1,1,ALL,00:22:51.3,38
2,24,372,ALL,00:22:59.9,38
3,11,2,ALL,00:26:25.3,38
4,21,215,ALL,00:26:28.8,38
5,12,240,ALL,00:27:29.3,38
6,2,25,ALL,00:27:30.8,38
7,25,15,ALL,00:28:12.6,38
8,6,159,ALL,00:28:21.2,38
9,46,84,ALL,00:28:26.9,38
10,45,166,ALL,00:28:52.9,38
11,27,91,ALL,00:30:6.9,38
12,4,115,ALL,00:34:55.3,38
13,9,144,ALL,00:35:16.2,38
14,26,218,ALL,00:35:17.6,38
15,37,214,ALL,00:35:22.1,38
16,99,305,ALL,00:35:24.0,38
17,44,187,ALL,00:36:8.2,38
1,1,1,ALL,00:25:34.0,1
2,3,11,ALL,00:25:47.7,1
3,8,32,ALL,00:27:39.7,1
4,9,25,ALL,00:30:58.7,1
5,7,44,ALL,00:31:00.1,1
6,4,74,ALL,00:36:23.5,1
6,2,2,ALL,00:36:23.5,1
T8,5,40,ALL,00:40:55.0,1
T8,6,14,ALL,00:40:55.0,1
T8,10,306,ALL,00:40:55.0,1
1,1,1,ALL,00:24:27.8,2
2,3,17,ALL,00:29:24.5,2
3,10,44,ALL,00:29:32.1,2
4,9,11,ALL,00:29:36.4,2
5,2,2,ALL,00:30:18.5,2
1,1,1,ALL,00:25:28.0,3
2,4,11,ALL,00:25:32.4,3
3,3,17,ALL,00:26:33.6,3
4,2,2,ALL,00:28:26.3,3
5,9,44,ALL,00:28:41.7,3
6,7,40,ALL,00:34:41.0,3
7,6,14,ALL,00:34:42.1,3
8,8,74,ALL,00:35:03.1,3
1,3,365,ALL,00:22:14.8,4
2,1,1,ALL,00:22:15.8,4
3,2,32,ALL,00:25:46.4,4
4,6,17,ALL,00:27:00.6,4
5,11,2,ALL,00:28:21.7,4
6,4,157,ALL,00:28:35.8,4
7,13,191,ALL,00:29:16.2,4
8,12,14,ALL,00:32:12.8,4
9,5,40,ALL,00:32:13.8,4
1,1,1,ALL,00:24:49.3,5
2,5,11,ALL,00:24:58.0,5
3,3,17,ALL,00:26:56.1,5
4,4,44,ALL,00:28:24.1,5
5,11,2,ALL,00:32:11.0,5
1,1,1,ALL,00:25:43.8,6
2,4,11,ALL,00:25:46.9,6
3,7,17,ALL,00:27:47.9,6
4,19,23,ALL,00:34:54.5,6
5,11,2,ALL,00:36:27.4,6
6,3,162,ALL,00:36:57.2,6
7,2,262,ALL,00:37:03.2,6
8,6,6,ALL,00:38:18.8,6
9,5,27,ALL,00:38:20.0,6
1,2,1,ALL,00:26:26.8,7
2,4,17,ALL,00:26:30.6,7
3,3,31,ALL,00:27:33.1,7
4,11,2,ALL,00:28:26.0,7
5,8,23,ALL,00:28:41.2,7
6,1,44,ALL,00:29:41.4,7
7,5,14,ALL,00:34:35.3,7
8,7,27,ALL,00:36:16.3,7
9,6,6,ALL,00:36:18.0,7
1,1,1,ALL,00:24:37.5,8
2,6,11,ALL,00:24:39.9,8
3,7,32,ALL,00:25:14.9,8
4,3,17,ALL,00:26:07.0,8
5,10,31,ALL,00:26:37.6,8
6,11,2,ALL,00:27:39.8,8
7,2,40,ALL,00:30:36.3,8
8,5,14,ALL,00:30:54.7,8
9,4,53,ALL,00:31:57.7,8
10,8,6,ALL,00:37:51.3,8
1,9,1,ALL,00:24:50.0,9
2,2,11,ALL,00:24:54.8,9
3,4,17,ALL,00:25:56.4,9
4,11,2,ALL,00:27:35.5,9
5,1,138,ALL,00:27:47.6,9
6,7,111,ALL,00:31:6.4,9
7,8,53,ALL,00:31:21.4,9
8,6,6,ALL,00:37:42.9,9
1,1,1,ALL,00:24:44.2,10
2,2,32,ALL,00:24:49.4,10
3,3,17,ALL,00:25:58.6,10
4,11,2,ALL,00:29:00.6,10
5,5,55,Canine,00:29:36.6,10
6,10,23,ALL,00:35:37.9,10
7,7,27,ALL,00:39:44.0,10
8,6,6,ALL,00:39:45.0,10
100,8,28,ALL,DNF,10
4,9,11,ALL,DNF,10
1,1,1,ALL,00:26:01.3,11
2,4,17,ALL,00:26:27.1,11
3,2,31,ALL,00:26:45.9,11
4,11,2,ALL,00:28:49.5,11
5,7,111,ALL,00:28:57.2,11
1,2,341,ALL,00:37:34.4,12
2,1,1,ALL,00:37:39.3,12
3,3,17,ALL,00:37:42.6,12
4,7,10,ALL,00:40:09.1,12
5,4,53,ALL,00:41:22.9,12
6,100,28,ALL,00:44:8.5,12
7,21,11,ALL,00:44:14.5,12
8,5,103,ALL,00:46:11.5,12
1,1,1,ALL,00:23:36.0,13
2,4,17,ALL,00:26:43.7,13
3,11,2,ALL,00:27:07.3,13
4,6,10,ALL,00:34:45.0,13
5,7,6,ALL,00:39:46.7,13
6,3,3,ALL,00:47:00.9,13
7,2,362,ALL,00:47:8.0,13
1,1,1,ALL,00:22:54.8,14
2,4,286,ALL,00:22:56.6,14
3,2,17,ALL,00:27:41.2,14
4,3,53,ALL,00:33:25.8,14
5,7,10,ALL,00:38:43.4,14
6,8,39,ALL,00:38:44.7,14
7,100,28,ALL,00:41:10.4,14
8,6,11,ALL,00:41:13.3,14
1,1,1,ALL,00:23:19.8,15
2,3,32,ALL,00:23:36.5,15
3,4,17,ALL,00:26:39.4,15
4,11,2,ALL,00:29:45.9,15
5,2,3,ALL,00:35:01.2,15
6,6,10,ALL,00:35:19.1,15
7,8,39,ALL,00:35:20.3,15
1,1,1,ALL,00:25:02.2,16
2,7,11,ALL,00:25:04.3,16
3,2,17,ALL,00:28:8.3,16
4,3,10,ALL,00:34:56.0,16
1,1,1,ALL,00:28:22.5,17
2,2,31,ALL,00:28:25.2,17
3,8,108,Canine,00:28:31.1,17
4,3,86,ALL,00:28:47.0,17
5,6,17,ALL,00:29:59.8,17
6,11,2,ALL,00:30:25.0,17
7,4,10,ALL,00:36:13.6,17
1,1,1,ALL,00:23:46.1,18
2,4,34,ALL,00:24:27.7,18
3,2,31,ALL,00:26:43.1,18
4,11,2,ALL,00:27:18.9,18
5,8,17,ALL,00:28:27.9,18
6,7,10,ALL,00:32:22.1,18
7,6,267,ALL,00:35:33.4,18
8,100,28,ALL,00:36:38.1,18
9,9,11,ALL,00:36:40.2,18
10,10,55,Canine,00:36:42.5,18
1,1,1,ALL,00:27:04.3,19
2,9,31,ALL,00:27:6.0,19
3,13,108,Canine,00:28:28.4,19
4,12,86,ALL,00:28:28.5,19
5,6,15,ALL,00:30:21.5,19
6,4,10,ALL,00:30:31.7,19
7,8,17,ALL,00:31:41.6,19
8,11,2,ALL,00:31:43.8,19
9,3,3,ALL,00:37:39.9,19
10,2,26,ALL,00:37:44.2,19
1,1,1,ALL,00:25:22.6,20
2,9,61,ALL,00:25:24.6,20
3,4,11,ALL,00:25:31.0,20
4,1000,106,ALL,00:25:59.9,20
5,2,31,ALL,00:26:27.4,20
6,3,17,ALL,00:28:39.7,20
7,11,2,ALL,00:29:00.7,20
8,12,3,ALL,00:36:53.2,20
9,6,290,ALL,00:39:07.3,20
10,99,28,ALL,00:41:12.1,20
11,21,261,ALL,00:41:15.1,20
12,7,245,ALL,00:53:35.2,20
1,22,11,ALL,00:25:05.2,21
2,1,1,ALL,00:25:6.2,21
3,8,10,ALL,00:28:03.0,21
4,11,2,ALL,00:28:20.2,21
5,2,15,ALL,00:28:35.1,21
6,12,40,ALL,00:30:8.7,21
7,21,14,ALL,00:30:48.3,21
8,99,3,ALL,00:35:38.9,21
9,6,120,ALL,00:39:46.9,21
10,27,26,ALL,00:39:47.7,21
11,9,229,ALL,00:43:29.7,21
12,4,320,ALL,00:43:35.8,21
13,7,361,Canine,00:43:35.9,21
3,3,251,ALL,DNF,21
1,1,1,ALL,00:26:16.1,22
2,2,31,ALL,00:26:17.5,22
3,11,2,ALL,00:28:42.4,22
4,13,15,ALL,00:28:58.0,22
5,12,10,ALL,00:31:34.6,22
6,8,39,ALL,00:34:23.6,22
7,4,17,ALL,00:36:6.3,22
8,6,188,ALL,00:36:8.5,22
1,1,1,ALL,00:29:05.7,23
2,6,10,ALL,00:30:52.5,23
3,2,194,ALL,00:35:42.2,23
4,3,3,ALL,00:35:51.4,23
5,8,39,ALL,00:38:21.0,23
1,1,1,ALL,00:21:23.0,24
2,24,34,ALL,00:21:41.9,24
3,3,11,ALL,00:25:45.1,24
4,22,61,ALL,00:26:05.4,24
5,21,238,ALL,00:26:43.9,24
6,99,165,ALL,00:26:45.6,24
7,11,2,ALL,00:26:58.1,24
8,4,15,ALL,00:27:13.5,24
9,7,44,ALL,00:28:6.2,24
10,6,25,ALL,00:28:35.5,24
11,8,17,ALL,00:30:17.1,24
12,27,3,ALL,00:36:35.2,24
1,1,1,ALL,00:22:14.8,25
2,9,61,ALL,00:24:35.1,25
3,3,106,ALL,00:25:09.8,25
4,4,77,ALL,00:25:37.7,25
5,13,205,Canine,00:25:39.6,25
6,24,34,ALL,00:25:42.2,25
7,2,31,ALL,00:25:50.0,25
8,7,275,ALL,00:26:07.9,25
9,11,2,ALL,00:27:8.8,25
10,6,17,ALL,00:29:46.7,25
11,12,57,ALL,00:30:6.9,25
12,8,3,ALL,00:35:58.6,25
1,1,1,ALL,00:23:49.0,26
2,4,61,ALL,00:24:10.2,26
3,100,11,ALL,00:25:45.4,26
4,2,77,ALL,00:26:6.2,26
5,8,31,ALL,00:26:17.2,26
6,22,2,ALL,00:26:35.5,26
7,9,257,ALL,00:27:28.4,26
8,11,209,ALL,00:29:18.3,26
9,24,57,ALL,00:29:32.8,26
10,21,40,ALL,00:30:45.3,26
11,27,10,ALL,00:31:35.6,26
12,99,39,ALL,00:35:04.8,26
13,6,180,ALL,00:35:8.8,26
14,23,213,ALL,00:35:25.4,26
15,12,367,ALL,00:35:26.7,26
16,3,74,ALL,00:35:40.2,26
17,7,6,ALL,00:37:33.6,26
1,1,1,ALL,00:23:33.3,27
2,99,77,ALL,00:23:50.5,27
3,2,31,ALL,00:24:47.3,27
4,27,164,ALL,00:25:18.1,27
5,4,25,ALL,00:26:42.1,27
6,11,2,ALL,00:27:11.6,27
7,22,224,Denmark,00:28:55.4,27
8,3,344,Denmark,00:28:58.7,27
9,9,57,ALL,00:29:17.5,27
10,7,40,ALL,00:30:47.1,27
11,24,302,ALL,00:32:6.9,27
12,21,14,ALL,00:32:22.6,27
13,100,225,ALL,00:32:31.7,27
14,25,6,ALL,00:38:19.5,27
15,8,358,Denmark,00:39:33.6,27
16,44,26,ALL,00:39:40.4,27
17,6,120,ALL,00:39:42.2,27
1,1,1,ALL,00:26:30.9,28
2,21,57,ALL,00:29:10.8,28
3,7,313,ALL,00:29:44.8,28
4,99,192,ALL,00:29:50.8,28
5,11,2,ALL,00:30:34.8,28
6,6,17,ALL,00:30:52.1,28
7,24,3,ALL,00:33:44.8,28
8,9,6,ALL,00:39:38.3,28
9,22,27,ALL,00:39:40.7,28
1,1,1,ALL,00:25:52.9,29
2,24,11,ALL,00:26:37.6,29
3,11,2,ALL,00:28:02.5,29
4,27,15,ALL,00:29:30.3,29
5,2,17,ALL,00:30:15.0,29
6,7,23,ALL,00:32:46.1,29
7,4,3,ALL,00:33:31.0,29
8,6,109,ALL,00:35:6.8,29
9,99,6,ALL,00:37:20.5,29
10,9,27,ALL,00:37:22.0,29
11,21,26,ALL,00:37:29.0,29
1,2,34,ALL,00:23:34.9,30
2,1,1,ALL,00:25:28.9,30
3,7,11,ALL,00:25:32.2,30
4,4,288,ALL,00:26:56.1,30
5,11,2,ALL,00:27:00.0,30
6,6,17,ALL,00:29:52.0,30
7,3,58,ALL,00:30:45.2,30
8,99,3,ALL,00:33:29.0,30
1,1,34,ALL,00:26:30.0,31
2,2,1,ALL,00:28:28.6,31
3,24,25,ALL,00:29:58.6,31
4,27,91,ALL,00:30:37.5,31
5,9,58,ALL,00:30:40.9,31
6,21,3,ALL,00:34:07.4,31
7,6,173,ALL,00:37:12.2,31
8,99,28,ALL,00:37:13.3,31
9,100,11,ALL,00:37:15.4,31
1,1,1,ALL,00:29:21.6,32
2,11,2,ALL,00:29:23.4,32
3,9,249,ALL,00:29:31.1,32
4,6,17,ALL,00:30:57.8,32
5,24,236,ALL,00:31:14.2,32
1,1,1,ALL,00:28:21.9,33
2,11,2,ALL,00:28:42.8,33
3,24,15,ALL,00:29:28.4,33
4,6,23,ALL,00:29:43.8,33
5,4,17,ALL,00:31:16.6,33
1,1,1,ALL,00:24:45.9,34
2,11,2,ALL,00:28:41.7,34
3,45,15,ALL,00:30:12.7,34
4,22,17,ALL,00:30:23.8,34
5,26,175,ALL,00:31:56.2,34
6,27,3,ALL,00:33:26.6,34
7,6,26,ALL,00:37:55.2,34
8,4,319,ALL,00:38:23.3,34
9,2,340,ALL,00:38:24.2,34
10,21,171,ALL,01:21:45.0,34
11,24,329,ALL,01:21:46.5,34
1,1,1,ALL,00:25:27.9,35
2,6,32,ALL,00:25:28.9,35
3,11,2,ALL,00:27:09.8,35
4,45,281,ALL,00:27:11.3,35
5,2,170,ALL,00:30:41.8,35
6,22,25,ALL,00:30:43.2,35
7,99,28,ALL,00:41:17.4,35
8,100,11,ALL,00:41:19.2,35
1,4,13,ALL,00:24:05.7,42
2,1,1,ALL,00:24:14.6,42
3,2,25,ALL,00:26:27.5,42
4,11,2,ALL,00:28:29.8,42
5,45,3,ALL,00:33:35.0,42
6,22,64,ALL,00:33:36.6,42
7,99,28,ALL,00:33:36.7,42
8,6,11,ALL,00:33:39.5,42
1,13,34,ALL,00:21:40.6,61
2,1,1,ALL,00:22:28.3,61
3,4,13,ALL,00:23:49.6,61
4,44,18,ALL,00:23:52.8,61
5,11,2,ALL,00:25:39.7,61
6,21,24,ALL,00:28:36.9,61
7,9,206,ALL,00:29:07.0,61
8,15,19,ALL,00:29:50.1,61
9,37,27,ALL,00:32:40.6,61
10,3,3,ALL,00:32:56.3,61
11,27,363,ALL,00:33:00.1,61
12,26,6,ALL,00:35:40.6,61
13,6,153,ALL,00:40:51.6,61
14,8,125,ALL,00:41:03.5,61
15,12,184,ALL,00:47:51.0,61
16,16,348,ALL,00:47:52.4,61
17,24,198,ALL,00:50:53.4,61
1,3,18,ALL,00:24:37.1,62
2,1,1,ALL,00:25:18.9,62
3,100,11,ALL,00:26:52.0,62
4,101,55,Canine,00:26:53.5,62
5,27,193,ALL,00:27:40.0,62
6,13,4,Denmark,00:27:43.4,62
7,15,19,ALL,00:29:22.3,62
8,22,76,ALL,00:29:35.2,62
9,44,14,ALL,00:31:33.9,62
10,11,2,ALL,00:32:32.9,62
11,21,12,ALL,00:32:40.1,62
12,8,3,ALL,00:33:04.8,62
13,6,6,ALL,00:37:42.2,62
14,24,51,ALL,00:37:43.1,62
1,3,18,ALL,00:23:47.6,63
2,1,1,ALL,00:26:46.1,63
3,44,30,ALL,00:26:55.3,63
4,13,43,ALL,00:27:39.0,63
5,37,244,ALL,00:27:40.1,63
6,15,19,ALL,00:28:23.6,63
7,8,118,ALL,00:30:12.5,63
8,22,14,ALL,00:30:20.5,63
9,11,2,ALL,00:31:22.8,63
10,21,12,ALL,00:31:28.3,63
11,27,3,ALL,00:32:35.4,63
12,26,27,ALL,00:32:36.4,63
13,4,23,ALL,00:34:22.3,63
14,6,6,ALL,00:36:21.4,63
15,12,51,ALL,00:36:22.7,63
1,44,18,ALL,00:22:09.2,64
2,27,13,ALL,00:24:30.7,64
3,13,4,Denmark,00:27:40.5,64
4,11,2,ALL,00:28:32.5,64
5,1,1,ALL,00:28:42.5,64
6,15,19,ALL,00:28:48.2,64
7,3,24,ALL,00:30:16.5,64
8,37,95,ALL,00:30:18.4,64
9,26,3,ALL,00:33:45.8,64
10,22,10,ALL,00:35:17.6,64
11,12,152,ALL,00:35:45.0,64
12,8,149,ALL,00:37:27.5,64
13,21,6,ALL,00:39:44.3,64
14,4,51,ALL,00:39:47.3,64
1,1,1,ALL,00:22:03.5,65
2,12,18,ALL,00:22:05.2,65
3,4,13,ALL,00:23:09.9,65
4,37,116,ALL,00:28:39.9,65
5,22,14,ALL,00:29:57.8,65
6,15,19,ALL,00:30:48.7,65
7,9,23,ALL,00:31:38.2,65
8,33,27,ALL,00:35:27.3,65
9,26,10,ALL,00:36:29.7,65
10,44,4,Detour,00:39:16.4,65
11,333,2,Detour,00:39:21.6,65
12,100,11,ALL,00:40:33.2,65
13,101,28,ALL,00:40:35.0,65
14,102,55,Canine,00:40:35.4,65
15,3,6,ALL,00:42:6.6,65
16,8,51,ALL,00:42:10.3,65
17,27,126,ALL,00:42:12.7,65
18,24,269,ALL,00:45:10.7,65
19,21,327,ALL,00:45:12.6,65
20,6,270,ALL,00:45:17.3,65
5,8,18,ALL,00:23:00.0,66
3,1,1,ALL,00:25:50.0,66
1,26,200,ALL,00:26:01.1,66
2,4,4,Denmark,00:26:18.9,66
4,11,2,ALL,00:26:39.7,66
6,15,19,ALL,00:28:45.9,66
7,22,76,ALL,00:29:47.5,66
8,27,95,ALL,00:29:55.4,66
9,3,24,ALL,00:29:56.7,66
10,12,14,ALL,00:30:27.7,66
11,9,336,ALL,00:31:27.3,66
12,37,23,ALL,00:34:53.8,66
13,6,6,ALL,00:37:13.0,66
1,8,18,ALL,00:23:00.0,67
2,4,13,ALL,00:23:40.0,67
3,15,4,ALL,00:25:48.0,67
4,11,2,ALL,00:26:58.3,67
5,22,12,ALL,00:29:8.9,67
6,6,6,ALL,00:33:36.5,67
7,44,3,ALL,00:33:45.8,67
1,15,7,ALL,00:26:00.2,68
2,11,2,ALL,00:26:26.2,68
3,9,43,ALL,00:27:11.5,68
4,22,12,ALL,00:28:57.9,68
5,8,3,ALL,00:33:26.7,68
1,1,1,ALL,00:23:14.8,69
2,44,264,ALL,00:23:21.6,69
3,4,13,ALL,00:24:03.0,69
4,8,7,ALL,00:24:49.1,69
5,45,4,ALL,00:27:38.0,69
6,15,19,ALL,00:27:49.3,69
7,11,2,ALL,00:28:28.0,69
8,22,12,ALL,00:28:29.7,69
9,26,14,ALL,00:31:6.9,69
10,12,23,ALL,00:32:8.6,69
11,6,6,ALL,00:34:01.5,69
12,100,10,ALL,00:38:18.9,69
1,12,18,ALL,00:23:8.8,70
2,1,1,ALL,00:23:10.5,70
3,4,13,ALL,00:23:47.8,70
4,26,7,ALL,00:24:59.6,70
5,11,2,ALL,00:27:17.9,70
6,8,43,ALL,00:27:22.7,70
7,22,12,ALL,00:28:30.0,70
8,15,19,ALL,00:29:11.0,70
9,24,76,ALL,00:29:18.8,70
10,19,3,ALL,00:33:42.8,70
1,1,1,ALL,00:26:11.4,71
2,22,4,ALL,00:26:13.3,71
3,12,43,ALL,00:28:34.0,71
4,11,89,ALL,00:30:34.3,71
5,26,279,ALL,00:30:35.6,71
6,9,169,ALL,00:30:37.7,71
7,44,58,ALL,00:30:43.2,71
8,4,10,ALL,00:36:19.7,71
1,1,1,ALL,00:25:8.5,72
2,44,4,ALL,00:25:14.2,72
3,49,110,ALL,00:27:22.8,72
4,15,19,ALL,00:27:52.1,72
5,26,10,ALL,00:34:05.9,72
6,22,314,ALL,00:34:10.6,72
1,3,18,ALL,00:23:00.7,73
2,1,1,ALL,00:25:30.9,73
3,22,43,ALL,00:28:31.8,73
4,11,89,ALL,00:29:10.3,73
5,26,58,ALL,00:29:15.4,73
1,1,1,ALL,00:20:58.7,74
2,50,34,ALL,00:21:02.3,74
3,15,7,ALL,00:24:45.1,74
4,26,4,ALL,00:26:26.1,74
5,3,19,ALL,00:28:09.1,74
6,103,24,ALL,00:28:41.6,74
7,22,12,ALL,00:29:07.5,74
8,101,23,ALL,00:30:6.1,74
9,100,14,ALL,00:30:42.9,74
10,27,3,ALL,00:32:12.9,74
11,44,72,ALL,00:32:18.3,74
12,16,6,ALL,00:32:41.9,74
13,4,85,ALL,00:32:46.8,74
14,9,39,ALL,00:38:05.0,74
15,12,10,ALL,00:38:07.1,74
16,6,80,ALL,00:38:09.4,74
17,11,2,ALL,00:59:21.2,74
18,49,63,ALL,00:59:38.9,74
1,1,1,ALL,00:23:41.1,75
2,22,4,ALL,00:25:30.3,75
3,11,2,ALL,00:25:50.9,75
4,16,11,ALL,00:26:29.5,75
5,15,19,ALL,00:27:59.0,75
6,49,15,ALL,00:29:40.4,75
7,26,14,ALL,00:30:40.3,75
8,44,23,ALL,00:32:39.1,75
9,18,3,ALL,00:33:57.2,75
10,27,6,ALL,00:36:22.6,75
1,22,18,ALL,00:21:55.0,76
2,1,1,ALL,00:22:49.6,76
3,11,2,ALL,00:28:00.4,76
4,15,19,ALL,00:28:01.9,76
5,49,15,ALL,00:28:51.2,76
6,26,12,ALL,00:28:54.3,76
7,44,72,ALL,00:29:55.7,76
8,18,196,ALL,00:32:45.4,76
9,19,85,ALL,00:33:28.5,76
10,16,10,ALL,00:33:31.2,76
1,1,1,ALL,00:22:16.1,77
2,4,96,ALL,00:22:18.1,77
3,44,13,ALL,00:23:04.7,77
4,6,7,ALL,00:24:51.2,77
5,3,4,ALL,00:25:41.6,77
6,11,2,ALL,00:26:01.0,77
7,16,32,ALL,00:26:37.3,77
8,15,19,ALL,00:26:50.6,77
9,12,43,ALL,00:27:01.7,77
10,49,15,ALL,00:29:38.5,77
11,100,10,ALL,00:29:52.2,77
12,50,241,ALL,00:30:12.3,77
13,28,60,ALL,00:30:28.0,77
14,19,3,ALL,00:33:57.1,77
15,18,211,ALL,00:34:20.9,77
16,26,371,ALL,00:34:24.8,77
1,1,1,ALL,00:21:20.0,78
2,12,18,ALL,00:21:30.3,78
3,4,96,ALL,00:22:01.4,78
4,22,13,ALL,00:24:17.6,78
5,18,4,ALL,00:24:56.5,78
6,15,7,ALL,00:25:20.4,78
7,11,2,ALL,00:28:34.1,78
8,44,335,ALL,00:32:51.5,78
9,27,3,ALL,00:33:41.1,78
1,9,360,ALL,00:22:10.9,79
2,1,1,ALL,00:22:46.2,79
3,4,13,ALL,00:23:24.8,79
4,15,7,ALL,00:24:51.6,79
5,44,19,ALL,00:28:00.7,79
6,12,2,ALL,00:29:14.0,79
7,16,10,ALL,00:29:15.3,79
8,11,24,ALL,00:29:30.8,79
9,22,23,ALL,00:29:50.6,79
10,28,6,ALL,00:36:01.3,79
11,3,326,ALL,00:36:02.4,79
12,18,83,ALL,00:36:13.2,79
1,15,34,ALL,00:21:00.0,80
2,1,1,ALL,00:25:42.6,80
3,16,160,ALL,00:26:15.1,80
4,37,303,ALL,00:26:25.0,80
5,11,2,ALL,00:26:42.9,80
6,49,7,ALL,00:26:46.9,80
7,9,15,ALL,00:28:34.2,80
8,28,10,ALL,00:28:37.0,80
9,26,25,ALL,00:28:54.3,80
10,27,23,ALL,00:29:21.7,80
11,3,130,ALL,00:31:55.0,80
12,44,285,ALL,00:31:56.6,80
13,19,3,ALL,00:32:38.7,80
14,14,79,ALL,00:32:40.3,80
15,22,14,ALL,00:32:41.1,80
16,4,6,ALL,00:37:22.6,80
17,12,219,ALL,01:01:28.7,80
18,18,228,ALL,01:01:33.4,80
1,1,1,ALL,00:26:19.2,81
2,28,24,ALL,00:27:24.3,81
3,16,30,ALL,00:27:25.5,81
4,15,87,ALL,00:28:06.8,81
5,11,2,ALL,00:28:12.4,81
6,37,298,ALL,00:29:18.7,81
7,4,268,ALL,00:31:57.0,81
8,27,3,ALL,00:32:30.0,81
9,22,6,ALL,00:37:31.0,81
10,9,142,ALL,00:42:38.7,81
1,18,195,ALL,00:21:01.0,82
2,1,1,ALL,00:21:03.0,82
3,26,259,ALL,00:26:18.7,82
4,15,19,ALL,00:27:28.2,82
5,11,2,ALL,00:28:19.4,82
6,14,15,ALL,00:30:53.7,82
7,27,3,ALL,00:33:20.5,82
8,4,83,ALL,00:36:04.3,82
9,6,351,ALL,00:36:32.9,82
10,12,295,ALL,00:37:46.1,82
11,19,26,ALL,00:37:51.5,82
1,1,1,ALL,00:24:34.7,83
2,4,13,ALL,00:24:35.7,83
3,49,7,ALL,00:25:02.5,83
4,100,11,ALL,00:25:41.5,83
5,44,32,ALL,00:27:50.7,83
6,11,2,ALL,00:27:51.8,83
7,16,15,ALL,00:27:52.6,83
8,28,23,ALL,00:30:39.8,83
9,29,14,ALL,00:32:18.8,83
10,27,3,ALL,00:32:42.5,83
11,12,79,ALL,00:32:48.8,83
12,18,60,ALL,00:33:06.0,83
13,22,122,ALL,00:33:07.0,83
14,101,155,ALL,00:33:52.0,83
15,6,6,ALL,00:34:04.4,83
1,1,1,ALL,00:26:55.3,84
2,11,2,ALL,00:28:10.9,84
3,27,345,ALL,00:28:25.4,84
4,26,23,ALL,00:28:39.7,84
5,49,15,ALL,00:30:10.2,84
6,44,248,ALL,00:30:29.4,84
7,14,3,ALL,00:34:54.5,84
8,17,258,ALL,00:35:09.4,84
9,12,6,ALL,00:35:56.9,84
10,22,254,ALL,00:36:20.0,84
11,6,26,ALL,00:36:43.7,84
12,15,127,ALL,00:45:07.0,84
13,4,353,ALL,00:45:07.9,84
1,1,1,ALL,00:23:44.3,85
2,4,13,ALL,00:23:45.0,85
3,22,4,ALL,00:27:46.7,85
4,27,87,ALL,00:28:04.4,85
5,11,2,ALL,00:28:57.8,85
6,44,15,ALL,00:29:33.6,85
7,26,10,ALL,00:30:04.8,85
8,14,3,ALL,00:34:23.0,85
9,8,9,ALL,00:34:53.0,85
10,49,39,ALL,00:35:31.6,85
11,12,26,ALL,00:36:04.0,85
1,22,1,ALL,00:27:16.0,86
2,15,19,ALL,00:28:35.4,86
3,12,10,ALL,00:30:05.1,86
4,44,24,ALL,00:30:09.5,86
5,11,107,ALL,00:32:06.7,86
6,8,6,ALL,00:36:25.9,86
1,4,13,ALL,00:23:38.0,87
2,94,32,ALL,00:26:25.0,87
3,1,1,ALL,00:26:28.4,87
4,22,30,ALL,00:27:26.5,87
5,44,4,ALL,00:27:37.9,87
6,15,19,ALL,00:28:04.2,87
7,18,24,ALL,00:29:15.1,87
8,12,107,ALL,00:30:29.4,87
9,28,123,ALL,00:32:09.2,87
10,8,10,ALL,00:33:13.4,87
11,17,9,ALL,00:34:53.7,87
12,27,3,ALL,00:34:55.0,87
1,1,1,ALL,00:23:25.4,88
2,4,13,ALL,00:23:26.0,88
3,12,7,ALL,00:24:02.5,88
4,88,323,ALL,00:26:22.0,88
5,26,30,ALL,00:26:32.3,88
6,44,4,ALL,00:26:52.5,88
T1,1,1,ALL,00:22:34.0,89
T1,44,186,ALL,00:22:34.0,89
3,4,13,ALL,00:23:07.2,89
4,8,30,ALL,00:26:07.7,89
5,11,2,ALL,00:27:09.7,89
6,18,4,ALL,00:27:23.9,89
7,14,15,ALL,00:29:56.4,89
8,26,9,ALL,00:34:01.0,89
9,12,309,ALL,00:34:02.1,89
10,27,3,ALL,00:34:28.5,89
1,10,9,ALL,00:37:28.59,90
2,27,3,ALL,00:38:00.0,90
1,4,59,ALL,00:24:22.0,91
2,12,7,ALL,00:24:25.0,91
3,16,30,ALL,00:26:32.7,91
4,1,1,ALL,00:26:37.7,91
5,44,23,ALL,00:30:31.9,91
6,26,14,ALL,00:32:55.9,91
7,18,10,ALL,00:34:21.2,91
8,9,6,ALL,00:36:01.9,91
9,27,3,ALL,00:37:50.8,91
10,37,202,ALL,00:42:59.1,91
11,15,168,ALL,00:43:00.3,91
12,17,272,ALL,00:43:01.2,91
13,11,2,ALL,00:43:15.4,91
14,14,12,ALL,00:43:18.1,91
15,8,67,Canine,00:43:20.3,91
1,1,1,ALL,00:24:41.0,92
2,4,13,ALL,00:24:50.0,92
3,8,30,ALL,00:27:35.2,92
4,23,4,ALL,00:27:40.2,92
5,6,47,ALL,00:29:20.4,92
6,7,24,ALL,00:29:20.4,92
7,2,14,ALL,00:32:35.4,92
8,5,9,ALL,00:33:55.0,92
9,3,6,ALL,00:34:28.1,92
10,27,3,ALL,00:35:00.0,92
1,4,13,ALL,00:23:35.0,93
2,6,7,ALL,00:24:02.0,93
3,1,1,ALL,00:24:40.0,93
4,44,15,ALL,00:27:18.3,93
5,26,4,ALL,00:27:24.2,93
6,14,19,ALL,00:29:17.7,93
7,11,2,ALL,00:30:46.3,93
8,8,42,ALL,00:30:49.5,93
9,16,9,ALL,00:34:30.6,93
10,27,3,ALL,00:34:32.4,93
1,6,7,ALL,00:23:40.2,94
2,1,1,ALL,00:27:54.1,94
3,96,30,ALL,00:28:30.0,94
4,11,2,ALL,00:30:29.1,94
5,37,33,ALL,00:30:55.9,94
1,9,4,ALL,00:27:06.0,95
2,44,30,ALL,00:28:24.0,95
3,11,2,ALL,00:28:29.7,95
4,17,9,ALL,00:36:17.3,95
5,1,3,ALL,00:36:20.0,95
1,1,1,ALL,00:24:52.0,96
2,4,7,ALL,00:24:58.0,96
3,12,12,ALL,00:27:38.8,96
4,11,2,ALL,00:28:09.9,96
1,1,1,ALL,00:24:30.6,97
2,4,13,ALL,00:26:05.7,97
3,50,15,ALL,00:28:43.5,97
4,11,2,ALL,00:31:40.7,97
5,17,60,ALL,00:31:47.5,97
6,8,12,ALL,00:31:55.6,97
7,12,67,Canine,00:31:56.5,97
8,49,23,ALL,00:32:38.3,97
9,27,3,ALL,00:35:40.8,97
10,14,6,ALL,00:35:43.0,97
1,4,227,ALL,00:23:50.0,98
2,44,183,ALL,00:27:50.0,98
3,18,318,ALL,00:34:40.0,98
4,74,135,ALL,00:47:47.0,98
1,1,1,Loop-Beer,00:48:25.2,98
2,26,7,Loop-Beer,00:53:20.3,98
3,14,13,Loop-Beer,00:53:33.1,98
4,11,2,Loop-Beer,00:56:22.5,98
5,49,4,Loop-Beer,00:56:59.6,98
6,12,12,Loop-Beer,01:00:53.5,98
7,8,42,Loop-Beer,01:07:55.0,98
1,4,13,ALL,00:24:17.9,99
2,1,1,ALL,00:24:18.7,99
3,8,12,ALL,00:27:02.4,99
4,11,2,ALL,00:28:38.4,99
5,49,14,ALL,00:34:04.3,99
6,16,6,ALL,00:37:03.2,99
7,74,4,ALL,00:50:11.4,99
8,17,161,ALL,00:50:12.7,99
1,1,1,ALL,00:23:45.4,100
2,12,13,ALL,00:23:48.4,100
3,17,4,ALL,00:28:02.5,100
4,4,19,ALL,00:28:41.9,100
5,44,72,ALL,00:29:00.3,100
6,18,299,ALL,00:30:16.4,100
7,14,210,ALL,00:30:17.6,100
8,16,30,ALL,00:33:50.0,100
9,49,9,ALL,00:34:34.4,100
10,27,3,ALL,00:34:35.9,100
1,1,1,ALL,00:25:03.5,101
2,28,7,ALL,00:25:19.4,101
3,12,121,ALL,00:30:09.5,101
4,49,23,ALL,00:31:34.2,101
5,18,14,ALL,00:31:58.1,101
6,4,9,ALL,00:33:40.6,101
7,14,3,ALL,00:34:01.5,101
8,16,242,ALL,00:35:10.7,101
9,26,307,ALL,00:35:14.1,101
10,44,6,ALL,00:36:41.3,101
11,17,20,ALL,00:37:17.8,101
12,27,54,ALL,00:37:20.2,101
1,1,1,ALL,00:25:13.0,102
2,11,2,ALL,00:25:13.9,102
3,16,4,ALL,00:25:57.3,102
4,49,24,ALL,00:31:03.5,102
5,18,14,ALL,00:31:54.5,102
6,28,20,ALL,00:33:09.2,102
7,12,9,ALL,00:33:25.6,102
8,27,3,ALL,00:36:04.4,102
9,14,6,ALL,00:38:56.3,102
1,1,1,ALL,00:25:07.3,103
2,16,12,ALL,00:25:08.4,103
3,14,52,ALL,00:25:09.5,103
4,49,4,ALL,00:25:13.0,103
5,11,2,ALL,00:25:30.7,103
6,44,47,ALL,00:25:32.9,103
7,18,24,ALL,00:27:41.2,103
8,12,15,ALL,00:29:32.0,103
9,4,42,ALL,00:30:51.0,103
10,28,14,ALL,00:31:31.8,103
11,27,3,ALL,00:34:41.0,103
1,18,12,ALL,00:24:38.0,104
2,44,4,ALL,00:24:41.0,104
3,11,2,ALL,00:29:09.4,104
4,12,20,ALL,00:29:34.2,104
5,27,3,ALL,00:34:28.4,104
6,49,75,ALL,00:34:40.0,104
7,4,9,ALL,00:35:23.4,104
1,1,1,ALL,00:24:47.5,105
2,28,230,ALL,00:24:49.0,105
3,18,12,ALL,00:25:02.4,105
4,4,233,ALL,00:25:11.5,105
5,11,2,ALL,00:28:04.7,105
6,12,20,ALL,00:29:35.4,105
7,44,10,ALL,00:31:14.0,105
8,50,42,ALL,00:31:16.0,105
9,27,3,ALL,00:33:45.7,105
10,49,30,ALL,00:38:04.0,105
1,11,2,ALL,00:27:55.0,106
2,18,4,ALL,00:27:58.1,106
3,1,1,ALL,00:27:58.9,106
4,28,42,ALL,00:28:55.2,106
5,12,20,ALL,00:29:21.3,106
6,17,150,ALL,00:32:11.4,106
7,10,9,ALL,00:33:19.1,106
8,27,3,ALL,00:35:34.5,106
1,1,1,ALL,00:25:07.4,107
2,18,47,ALL,00:26:04.1,107
3,4,59,ALL,00:26:57.4,107
4,17,7,ALL,00:27:13.2,107
5,28,24,ALL,00:27:44.5,107
6,11,2,ALL,00:28:34.8,107
7,44,4,ALL,00:30:15.4,107
8,26,9,ALL,00:35:56.4,107
1,1,1,ALL,00:25:24.3,108
2,17,7,ALL,00:25:33.3,108
3,38,47,ALL,00:26:06.6,108
4,49,15,ALL,00:27:04.9,108
5,39,24,ALL,00:27:09.2,108
6,27,128,ALL,00:28:13.5,108
7,28,297,ALL,00:29:52.8,108
8,18,278,ALL,00:29:59.6,108
9,11,2,ALL,00:30:32.0,108
10,4,4,ALL,00:30:33.0,108
11,12,60,ALL,00:35:36.5,108
12,44,54,ALL,00:39:09.0,108
13,53,35,ALL,00:45:26.9,108
1,39,243,ALL,00:23:10.3,109
2,1,1,ALL,00:23:11.1,109
3,4,13,ALL,00:23:26.1,109
4,35,47,ALL,00:25:47.1,109
5,44,296,ALL,00:26:11.9,109
6,17,7,ALL,00:26:39.4,109
7,53,24,ALL,00:27:10.2,109
8,11,2,ALL,00:27:28.1,109
9,28,19,ALL,00:28:32.3,109
10,49,20,ALL,00:28:48.8,109
11,12,12,ALL,00:28:58.8,109
12,13,88,ALL,00:29:04.0,109
13,66,9,ALL,00:34:41.2,109
14,8,232,ALL,00:34:44.6,109
15,26,3,ALL,00:35:03.0,109
16,38,6,ALL,00:35:26.5,109
17,18,100,ALL,00:40:23.7,109
18,27,70,ALL,00:40:25.0,109
1,8,92,ALL,00:22:38.4,110
2,4,52,ALL,00:22:38.5,110
3,1,1,ALL,00:22:39.8,110
4,18,4,ALL,00:25:38.6,110
5,11,2,ALL,00:28:17.1,110
6,39,20,ALL,00:28:42.0,110
7,13,350,ALL,00:34:17.7,110
8,47,75,ALL,00:34:19.8,110
9,12,7,ALL,00:34:22.8,110
1,1,1,ALL,00:25:08.1,111
2,14,7,ALL,00:25:16.2,111
3,27,4,ALL,00:27:36.4,111
4,8,12,ALL,00:27:48.8,111
5,39,131,ALL,00:27:49.7,111
6,47,19,ALL,00:29:05.8,111
7,28,42,ALL,00:32:47.0,111
8,11,2,ALL,00:32:48.2,111
9,49,29,ALL,00:35:32.7,111
10,13,321,ALL,00:35:33.7,111
11,53,35,ALL,00:42:07.2,111
12,4,105,ALL,00:54:45.4,111
13,44,119,ALL,00:54:46.7,111
14,12,3,ALL,00:54:49.3,111
1,4,59,ALL,00:23:38.3,112
2,39,255,ALL,00:25:08.7,112
3,1,1,ALL,00:25:12.9,112
4,44,4,ALL,00:25:21.2,112
5,49,22,ALL,00:25:36.0,112
6,17,33,ALL,00:31:18.0,112
7,11,2,ALL,00:31:23.3,112
8,27,3,ALL,00:33:46.7,112
9,13,7,ALL,00:40:57.0,112
10,35,105,ALL,00:40:58.5,112
11,26,119,ALL,00:52:50.0,112
12,96,158,ALL,00:52:56.3,112
1,4,59,ALL,00:23:18.0,113
2,1,1,ALL,00:24:31.5,113
3,44,5,ALL,00:24:33.7,113
4,47,7,ALL,00:25:52.2,113
5,11,2,ALL,00:28:09.4,113
6,17,33,ALL,00:30:52.4,113
7,18,14,ALL,00:31:58.3,113
8,39,29,ALL,00:33:06.6,113
9,27,3,ALL,00:33:50.0,113
10,8,6,ALL,00:37:28.8,113
11,53,35,ALL,00:48:41.7,113
1,1,1,ALL,00:24:22.7,114
2,39,7,ALL,00:26:15.5,114
3,11,2,ALL,00:27:00.4,114
4,49,22,ALL,00:27:02.2,114
5,53,12,ALL,00:27:27.2,114
6,4,4,ALL,00:29:17.1,114
7,44,20,ALL,00:29:18.1,114
8,47,23,ALL,00:30:07.2,114
9,17,14,ALL,00:32:03.5,114
10,18,6,ALL,00:36:03.2,114
1,1,1,ALL,00:24:24.5,115
2,44,5,ALL,00:24:25.6,115
3,32,7,ALL,00:26:21.8,115
4,12,12,ALL,00:30:24.4,115
5,11,67,Canine,00:30:25.4,115
6,4,4,ALL,00:30:27.2,115
7,49,54,ALL,00:30:36.6,115
8,27,3,ALL,00:33:53.7,115
9,18,99,ALL,00:33:59.3,115
1,1,1,ALL,00:24:10.5,118
2,44,5,ALL,00:24:16.6,118
3,8,92,ALL,00:25:33.8,118
4,17,4,ALL,00:26:48.7,118
5,18,82,ALL,00:27:34.8,118
6,53,20,ALL,00:28:54.6,118
7,39,71,ALL,00:30:17.5,118
8,49,22,ALL,00:30:18.9,118
9,4,9,ALL,00:33:19.3,118
10,11,246,ALL,00:33:21.1,118
11,27,3,ALL,00:33:35.8,118
1,1,1,ALL,00:25:05.0,116
2,49,4,ALL,00:25:06.5,116
3,100,20,ALL,00:29:25.8,116
4,27,3,ALL,00:35:41.2,116
5,11,99,ALL,00:35:42.2,116
6,53,7,ALL,00:35:45.6,116
1,1,1,ALL,00:23:37.6,117
2,44,5,ALL,00:23:38.4,117
3,27,82,ALL,00:23:52.4,117
4,49,15,ALL,00:29:48.3,117
5,8,9,ALL,00:35:49.6,117
6,11,26,ALL,00:38:35.0,117
7,53,3,ALL,00:38:35.8,117
1,1,1,ALL,00:24:40.2,119
2,47,21,ALL,00:24:45.1,119
3,27,4,ALL,00:25:18.2,119
4,26,7,ALL,00:27:45.1,119
5,18,20,ALL,00:28:59.2,119
6,11,97,ALL,00:30:32.5,119
7,39,304,ALL,00:31:56.3,119
8,28,14,ALL,00:32:05.7,119
9,35,284,ALL,00:33:11.3,119
10,100,9,ALL,00:33:35.7,119
11,4,6,ALL,00:37:55.0,119
1,1,1,ALL,00:23:51.9,120
2,13,5,ALL,00:23:52.9,120
3,28,21,ALL,00:24:23.6,120
4,11,2,ALL,00:28:50.5,120
5,49,12,ALL,00:28:52.1,120
6,39,14,ALL,00:31:59.0,120
7,16,276,ALL,00:32:13.3,120
8,27,3,ALL,00:32:40.6,120
9,17,79,ALL,00:32:43.9,120
10,31,163,ALL,00:33:48.2,120
11,44,6,ALL,00:37:33.4,120
12,12,349,ALL,00:56:32.4,120
1,4,13,ALL,00:24:06.9,121
2,1,1,ALL,00:24:07.7,121
3,39,21,ALL,00:24:14.1,121
4,44,5,ALL,00:25:27.9,121
5,11,2,ALL,00:32:50.8,121
6,49,12,ALL,00:32:55.0,121
7,28,217,ALL,00:35:47.9,121
1,13,21,ALL,00:24:33.0,122
2,18,4,ALL,00:24:30.0,122
3,11,2,ALL,00:28:52.7,122
4,27,3,ALL,00:32:49.7,122
5,4,102,ALL,00:24:28.0,122
1,49,18,ALL,00:23:44.4,123
2,1,1,ALL,00:23:45.5,123
3,4,102,ALL,00:23:51.3,123
4,17,21,ALL,00:23:56.2,123
5,44,4,ALL,00:24:15.2,123
6,18,12,ALL,00:24:45.5,123
7,11,2,ALL,00:29:14.9,123
8,27,3,ALL,00:35:23.5,123
1,1,1,ALL,00:23:23.9,124
2,49,252,ALL,00:23:26.5,124
3,17,21,ALL,00:23:27.5,124
4,27,4,ALL,00:25:44.7,124
5,11,2,ALL,00:28:02.1,124
6,4,97,ALL,00:28:05.0,124
7,13,88,ALL,00:29:44.7,124
8,18,19,ALL,00:29:47.4,124
9,47,70,ALL,00:31:29.5,124
10,28,253,ALL,00:33:44.7,124
11,53,3,ALL,00:35:12.8,124
12,26,140,ALL,00:42:59.0,124
1,49,18,ALL,00:22:45.9,125
2,13,21,ALL,00:23:02.9,125
3,44,5,ALL,00:25:19.5,125
4,1,1,ALL,00:25:20.5,125
5,11,2,ALL,00:28:26.5,125
6,28,15,ALL,00:29:07.0,125
7,50,29,ALL,00:34:36.0,125
8,27,3,ALL,00:34:59.6,125
1,1,1,ALL,00:24:24.1,126
2,13,21,ALL,00:24:26.3,126
3,44,12,ALL,00:24:27.9,126
4,28,5,ALL,00:27:11.6,126
5,49,20,ALL,00:29:52.5,126
6,18,9,ALL,00:30:02.2,126
7,47,36,ALL,00:30:16.9,126
8,26,37,ALL,00:30:18.0,126
9,11,2,ALL,00:34:06.3,126
1,100,18,ALL,00:22:30.0,127
2,44,5,ALL,00:22:45.0,127
3,49,21,ALL,00:22:46.0,127
4,26,38,ALL,00:24:47.3,127
5,96,37,ALL,00:28:46.1,127
6,1,1,ALL,00:28:47.5,127
7,11,2,ALL,00:29:07.0,127
8,13,7,ALL,00:29:19.2,127
9,38,69,ALL,00:29:46.0,127
10,28,4,ALL,00:30:26.9,127
11,47,33,ALL,00:32:26.0,127
12,27,3,ALL,00:38:33.5,127
1,3,18,ALL,00:22:00.4,129
2,99,5,ALL,00:24:23.0,129
3,53,21,ALL,00:24:25.7,129
4,1,1,ALL,00:24:26.6,129
5,47,16,ALL,00:24:43.4,129
6,38,12,ALL,00:25:42.3,129
7,100,7,ALL,00:26:59.4,129
8,44,199,ALL,00:27:59.7,129
9,28,364,ALL,00:28:03.9,129
10,177,37,ALL,00:29:56.6,129
11,35,4,ALL,00:30:05.7,129
12,96,222,ALL,00:30:11.7,129
13,31,366,ALL,00:30:13.8,129
14,23,316,ALL,00:30:24.6,129
15,88,337,ALL,00:30:25.7,129
16,4,36,ALL,00:31:19.2,129
17,11,2,ALL,00:49:36.7,129
18,49,94,ALL,00:49:39.3,129
19,18,113,ALL,00:49:50.1,129
1,44,18,ALL,00:23:15.0,130
2,31,21,ALL,00:24:09.0,130
3,178,22,ALL,00:24:41.0,130
4,88,5,ALL,00:26:38.0,130
5,11,2,ALL,00:28:31.1,130
6,177,37,ALL,00:28:36.6,130
7,28,287,ALL,00:29:13.5,130
8,4,36,ALL,00:32:28.8,130
9,26,330,ALL,00:36:26.6,130
10,18,182,ALL,00:42:22.8,130
11,47,94,ALL,00:42:30.4,130
12,96,113,ALL,00:42:33.6,130
1,1,1,ALL,00:23:16.1,128
2,38,21,ALL,00:23:20.8,128
3,28,52,ALL,00:24:21.1,128
4,44,5,ALL,00:24:39.0,128
5,11,2,ALL,00:27:35.9,128
6,47,12,ALL,00:27:42.4,128
7,88,37,ALL,00:27:55.6,128
8,13,4,ALL,00:29:35.5,128
9,49,19,ALL,00:31:08.9,128
10,31,69,ALL,00:32:44.9,128
1,44,5,ALL,00:24:18.2,131
2,1,1,ALL,00:26:04.5,131
3,88,4,ALL,00:26:39.7,131
4,28,7,ALL,00:26:56.1,131
5,177,37,ALL,00:28:30.6,131
6,11,2,ALL,00:29:11.3,131
7,4,36,ALL,00:31:52.2,131
8,53,3,ALL,00:34:31.6,131
9,26,10,ALL,00:35:37.1,131
10,49,103,ALL,00:39:33.6,131
1,177,34,ALL,00:21:00.0,132
2,49,18,ALL,00:22:30.0,132
3,18,21,ALL,00:27:37.0,132
4,44,20,ALL,00:28:14.0,132
5,96,71,ALL,00:29:38.8,132
6,11,2,ALL,00:29:39.1,132
7,28,22,ALL,00:29:39.2,132
8,88,346,ALL,00:30:06.3,132
9,26,54,ALL,00:30:43.0,132
10,1,1,ALL,00:33:03.7,132
11,53,3,ALL,00:34:23.9,132
1,44,5,ALL,00:24:44.0,133
2,1,1,ALL,00:24:50.5,133
3,100,21,ALL,00:25:14.3,133
4,47,7,ALL,00:25:40.7,133
5,26,4,ALL,00:26:40.4,133
6,49,12,ALL,00:27:09.6,133
7,39,190,ALL,00:27:33.5,133
8,31,22,ALL,00:28:10.7,133
9,18,20,ALL,00:28:11.6,133
10,177,37,ALL,00:28:12.7,133
11,101,71,ALL,00:28:53.6,133
12,11,2,ALL,00:28:54.9,133
13,28,41,ALL,00:31:04.7,133
14,4,36,ALL,00:32:57.3,133
15,53,3,ALL,00:34:13.9,133
1,88,8,ALL,00:23:03.0,134
2,44,5,ALL,00:23:28.0,134
3,1,1,ALL,00:24:05.2,134
4,26,21,ALL,00:24:12.0,134
5,47,7,ALL,00:26:41.7,134
6,11,2,ALL,00:29:39.0,134
7,28,9,ALL,00:34:01.7,134
8,53,3,ALL,00:34:43.4,134
1,44,8,ALL,00:21:53.7,135
2,28,18,ALL,00:21:56.9,135
3,26,265,ALL,00:26:51.4,135
4,18,4,ALL,00:28:44.8,135
5,177,37,ALL,00:29:17.0,135
6,88,19,ALL,00:30:08.5,135
7,4,36,ALL,00:30:16.3,135
8,53,3,ALL,00:34:28.0,135
9,2,9,ALL,00:34:29.1,135
1,177,8,ALL,00:21:17.5,136
2,44,5,ALL,00:23:58.0,136
3,1,1,ALL,00:24:08.6,136
4,49,7,ALL,00:26:06.9,136
5,26,20,ALL,00:28:05.2,136
6,11,2,ALL,00:29:56.4,136
1,49,8,ALL,00:21:23.5,137
2,1,1,ALL,00:21:39.5,137
3,28,18,ALL,00:22:03.4,137
4,44,5,ALL,00:23:52.5,137
5,35,21,ALL,00:23:57.4,137
6,80,93,ALL,00:24:29.2,137
7,100,16,ALL,00:24:48.1,137
8,26,114,ALL,00:26:01.8,137
9,73,7,ALL,00:26:03.4,137
10,16,4,ALL,00:26:40.4,137
11,18,151,ALL,00:28:35.1,137
12,11,2,ALL,00:28:36.2,137
13,14,20,ALL,00:28:49.5,137
14,88,220,ALL,00:32:33.0,137
15,39,339,ALL,00:32:48.7,137
16,48,75,ALL,00:44:21.3,137
17,38,368,ALL,00:44:22.2,137
18,177,356,ALL,00:46:20.7,137
1,26,8,ALL,00:20:41.0,138
2,80,333,ALL,00:20:48.0,138
3,38,18,ALL,00:22:42.2,138
4,1,1,ALL,00:22:50.5,138
5,28,7,ALL,00:25:35.6,138
6,88,22,ALL,00:25:45.0,138
7,44,5,ALL,00:27:17.2,138
8,177,37,ALL,00:28:06.9,138
9,73,197,ALL,00:28:08.5,138
10,18,226,ALL,00:35:59.2,138
11,48,69,ALL,00:36:23.6,138
12,14,36,ALL,00:36:24.5,138
13,39,369,ALL,00:37:37.4,138
14,47,208,ALL,00:37:44.1,138
15,27,3,ALL,00:38:27.9,138
1,49,8,ALL,00:21:53.0,139
2,35,18,ALL,00:22:39.0,139
3,1,1,ALL,00:22:48.8,139
4,26,21,ALL,00:22:49.0,139
5,44,5,ALL,00:23:20.2,139
6,8,93,ALL,00:24:14.4,139
7,11,2,ALL,00:31:53.3,139
8,73,4,ALL,00:31:55.5,139
9,53,3,ALL,00:36:20.6,139
1,13,8,ALL,00:22:00.0,140
2,39,21,ALL,00:22:52.0,140
3,1,1,ALL,00:23:45.4,140
4,44,5,ALL,00:24:43.0,140
5,88,22,ALL,00:26:54.6,140
6,3,4,ALL,00:27:03.5,140
7,79,46,ALL,00:28:23.9,140
8,41,20,ALL,00:28:25.0,140
9,87,45,ALL,00:28:26.3,140
10,23,41,ALL,00:31:36.1,140
11,10,9,ALL,00:34:56.9,140
12,53,3,ALL,00:37:52.8,140
1,8,8,ALL,00:22:20.1,141
2,38,18,ALL,00:22:35.0,141
3,73,21,ALL,00:22:52.0,141
4,1,1,ALL,00:23:54.5,141
5,44,5,ALL,00:24:24.0,141
6,35,49,ALL,00:25:25.6,141
7,49,46,ALL,00:27:46.7,141
8,39,45,ALL,00:27:47.6,141
9,28,41,ALL,00:30:10.0,141
10,53,35,ALL,00:42:18.9,141
11,88,3,ALL,00:42:20.4,141
12,26,277,ALL,00:55:44.1,141
1,8,8,ALL,00:22:33.4,142
2,35,52,ALL,00:23:36.4,142
3,1,1,ALL,00:23:46.9,142
4,44,5,ALL,00:24:43.6,142
5,38,21,ALL,00:24:49.0,142
6,11,2,ALL,00:27:47.7,142
7,73,38,ALL,00:28:12.7,142
8,28,20,ALL,00:29:43.9,142
9,88,22,ALL,00:30:21.2,142
10,26,12,ALL,00:30:22.3,142
11,49,4,ALL,00:31:53.2,142
12,39,14,ALL,00:32:53.8,142
13,18,29,ALL,00:34:26.5,142
14,53,3,ALL,00:34:53.8,142
15,48,6,ALL,00:38:30.2,142
1,1,8,ALL,00:24:10.4,143
2,13,41,ALL,00:29:13.0,143
3,26,33,ALL,00:30:43.0,143
4,44,312,ALL,00:52:59.0,143
1,26,8,ALL,00:23:25.2,144
2,1,1,ALL,00:25:35.4,144
3,38,21,ALL,00:25:38.8,144
4,44,5,ALL,00:27:19.1,144
5,73,41,ALL,00:29:53.4,144
6,35,33,ALL,00:34:37.0,144
7,80,9,ALL,00:36:14.8,144
8,39,343,ALL,00:41:52.8,144
1,49,8,ALL,00:22:42.7,145
2,1,1,ALL,00:24:29.5,145
3,53,49,ALL,00:27:45.9,145
4,39,45,ALL,00:27:50.8,145
5,44,5,ALL,00:28:01.0,145
6,28,46,ALL,00:28:31.0,145
7,80,21,ALL,00:29:00.8,145
8,73,41,ALL,00:29:53.5,145
9,11,2,ALL,00:34:23.7,145
10,26,4,ALL,00:34:26.6,145
11,27,3,ALL,00:36:27.0,145
1,8,8,ALL,00:22:50.2,146
2,44,5,ALL,00:23:09.8,146
3,1,1,ALL,00:23:42.0,146
4,49,16,ALL,00:24:15.4,146
5,39,21,ALL,00:24:21.9,146
6,38,41,ALL,00:28:21.3,146
7,11,2,ALL,00:28:32.7,146
8,53,12,ALL,00:28:34.2,146
9,26,4,ALL,00:29:21.8,146
10,48,117,ALL,00:35:03.5,146
11,28,9,ALL,00:35:14.5,146
12,27,3,ALL,00:35:25.4,146
13,73,20,ALL,00:39:46.7,146
14,18,235,ALL,00:39:50.3,146
1,26,8,ALL,00:22:08.1,147
2,100,18,ALL,00:23:01.1,147
3,44,5,ALL,00:24:56.0,147
4,39,7,ALL,00:25:06.5,147
5,1,1,ALL,00:25:37.6,147
6,56,204,ALL,00:25:38.6,147
7,85,38,ALL,00:26:21.0,147
8,38,9,ALL,00:32:04.9,147
9,35,181,ALL,00:32:12.6,147
10,8,139,ALL,00:32:14.2,147
11,50,33,ALL,00:32:17.9,147
12,88,29,ALL,00:34:29.7,147
13,27,3,ALL,00:35:00.1,147
14,53,35,ALL,00:42:24.2,147
15,52,148,ALL,00:42:29.1,147
1,8,8,ALL,00:21:43.0,149
2,1,1,ALL,00:22:30.6,149
3,44,5,ALL,00:27:52.0,149
4,11,2,ALL,00:29:57.8,149
5,49,22,ALL,00:30:01.1,149
6,88,9,ALL,00:34:04.9,149
7,27,29,ALL,00:34:26.1,149
1,50,8,ALL,00:24:38.0,148
2,44,5,ALL,00:24:43.0,148
3,35,117,ALL,00:28:04.1,148
4,58,212,ALL,00:29:17.9,148
5,27,3,ALL,00:35:03.1,148
1,27,289,ALL,00:22:29.0,150
2,39,18,ALL,00:23:52.4,150
3,50,132,ALL,00:38:39.6,150
1,92,8,Loop-Beer,00:47:20.8,150
2,1,1,Loop-Beer,00:47:49.0,150
3,44,5,Loop-Beer,00:54:02.8,150
4,88,65,Loop-Beer,00:54:32.5,150
5,26,16,Loop-Beer,00:55:32.0,150
6,73,7,Loop-Beer,00:55:33.1,150
7,49,22,Loop-Beer,00:55:50.1,150
4,53,167,ALL,00:56:20.0,150
5,52,3,ALL,00:56:25.5,150
6,100,129,ALL,00:57:50.6,150
8,56,4,Loop-Beer,00:58:35.2,150
9,11,2,Loop-Beer,00:59:26.1,150
10,35,20,Loop-Beer,01:04:28.0,150
11,10,9,Loop-Beer,01:15:12.8,150
12,47,179,Loop-Beer,01:17:03.6,150
13,38,274,Loop-Beer,01:17:08.1,150
14,80,29,Loop-Beer,01:25:10.8,150
1,50,8,ALL,00:22:50.3,151
2,24,18,ALL,00:22:53.4,151
3,47,21,ALL,00:24:16.2,151
4,35,16,ALL,00:24:52.5,151
5,100,23,ALL,00:25:27.8,151
6,1,1,ALL,00:25:28.5,151
7,26,4,ALL,00:27:42.6,151
8,11,2,ALL,00:28:43.0,151
9,77,12,ALL,00:28:57.3,151
10,53,3,ALL,00:33:45.1,151
11,92,310,ALL,00:33:45.4,151
12,8,29,ALL,00:41:46.4,151
1,8,8,ALL,00:21:22.2,152
2,44,5,ALL,00:22:44.6,152
3,92,18,ALL,00:23:39.4,152
4,47,16,ALL,00:23:40.4,152
5,1,1,ALL,00:24:45.9,152
6,53,49,ALL,00:25:27.5,152
7,49,22,ALL,00:26:37.1,152
8,35,4,ALL,00:26:53.0,152
9,11,2,ALL,00:27:45.8,152
10,77,46,ALL,00:29:20.1,152
11,50,315,ALL,00:29:38.4,152
12,88,334,ALL,00:32:33.1,152
13,56,9,ALL,00:35:01.9,152
14,100,29,ALL,00:42:28.1,152
1,100,8,ALL,00:21:56.4,153
2,1,1,ALL,00:22:37.2,153
3,88,18,ALL,00:23:26.9,153
4,49,16,ALL,00:24:24.4,153
5,44,5,ALL,00:25:34.6,153
6,35,4,ALL,00:25:43.3,153
7,50,37,ALL,00:29:09.9,153
8,11,2,ALL,00:30:43.6,153
9,28,22,ALL,00:30:44.9,153
10,77,36,ALL,00:32:40.5,153
11,80,9,ALL,00:33:27.9,153
12,53,3,ALL,00:34:41.7,153
13,92,66,ALL,00:34:44.7,153
14,56,317,ALL,00:38:06.9,153
1,88,8,ALL,00:21:05.0,154
2,47,324,ALL,00:21:51.0,154
3,27,16,ALL,00:24:20.0,154
4,44,5,ALL,00:25:04.0,154
5,49,22,ALL,00:25:38.0,154
6,11,2,ALL,00:27:15.4,154
7,92,66,ALL,00:32:05.3,154
8,93,4,ALL,00:33:56.7,154
9,28,9,ALL,00:33:57.7,154
10,56,29,ALL,00:34:10.4,154
11,77,50,ALL,00:34:41.1,154
12,52,3,ALL,00:34:56.6,154
13,53,35,ALL,00:48:04.4,154
1,8,8,ALL,00:24:29.1,155
2,44,5,ALL,00:25:07.1,155
3,1,1,ALL,00:25:10.9,155
4,88,16,ALL,00:27:13.9,155
5,39,7,ALL,00:27:24.9,155
6,11,2,ALL,00:28:37.2,155
7,38,66,ALL,00:31:30.3,155
8,77,50,ALL,00:34:47.4,155
9,52,134,ALL,00:48:10.2,155
1,52,8,ALL,00:22:36.6,156
2,44,5,ALL,00:22:39.7,156
3,1,1,ALL,00:23:01.8,156
4,80,16,ALL,00:23:40.9,156
5,35,38,ALL,00:25:21.5,156
6,11,2,ALL,00:29:51.4,156
7,50,4,ALL,00:29:53.9,156
8,77,73,ALL,00:32:33.6,156
9,27,3,ALL,00:32:34.8,156
10,49,177,ALL,00:33:15.1,156
11,38,14,ALL,00:34:09.1,156
12,88,29,ALL,00:37:52.7,156
13,39,6,ALL,00:38:22.1,156
14,53,35,ALL,00:50:17.7,156
1,37,7,ALL,00:24:43.4,157
2,35,4,ALL,00:27:27.3,157
3,38,46,ALL,00:28:08.5,157
4,80,16,ALL,00:28:11.0,157
5,44,5,ALL,00:28:11.6,157
6,1,1,ALL,00:29:41.4,157
7,11,221,ALL,00:29:47.5,157
8,73,322,ALL,00:29:51.5,157
9,49,49,ALL,00:30:11.3,157
10,39,19,ALL,00:32:00.2,157
11,27,3,ALL,00:32:48.7,157
12,50,9,ALL,00:36:24.0,157
13,77,73,ALL,00:37:40.9,157
1,35,8,ALL,00:20:54.2,158
2,44,5,ALL,00:22:13.8,158
3,1,1,ALL,00:24:11.6,158
4,80,16,ALL,00:26:05.1,158
5,27,3,ALL,00:33:36.6,158
6,11,2,ALL,00:45:31.8,158
5,1,1,ALL,00:24:21.0,159
10,94,20,ALL,00:28:11.0,159
11,52,50,ALL,00:28:24.0,159
12,77,73,ALL,00:30:14.0,159
13,37,354,ALL,00:30:15.0,159
14,49,19,ALL,00:31:15.0,159
15,93,9,ALL,00:34:16.0,159
16,38,100,ALL,00:35:43.0,159
17,73,70,ALL,00:35:44.0,159
18,50,45,ALL,00:55:30.0,159
6,80,22,ALL,00:24:22.0,159
7,44,5,ALL,00:24:23.0,159
4,88,16,ALL,00:24:19.0,159
3,100,52,ALL,00:24:08.0,159
1,26,8,ALL,00:20:33.0,159
2,47,78,ALL,00:22:18.0,159
8,11,2,ALL,00:27:27.0,159
9,53,4,ALL,00:27:35.0,159
2,1,1,ALL,00:24:25.0,160
10,53,9,ALL,00:32:22.7,160
11,26,231,ALL,00:38:21.0,160
12,52,35,ALL,00:44:27.3,160
3,37,7,ALL,00:24:26.0,160
1,93,8,ALL,00:20:24.0,160
4,88,16,ALL,00:26:03.1,160
5,50,45,ALL,00:26:21.4,160
6,49,22,ALL,00:27:23.5,160
7,35,20,ALL,00:29:17.1,160
8,11,2,ALL,00:30:37.8,160
9,39,121,ALL,00:30:45.6,160
2,1,1,ALL,00:23:28.1,161
10,21,50,ALL,00:29:28.6,161
11,73,4,ALL,00:30:19.8,161
12,47,48,ALL,00:30:22.7,161
13,53,3,ALL,00:34:44.2,161
14,52,133,ALL,00:35:00.4,161
15,28,352,ALL,00:35:01.4,161
1,93,8,ALL,00:20:28.0,161
3,77,38,ALL,00:23:48.0,161
4,49,7,ALL,00:23:59.4,161
5,8,16,ALL,00:24:39.3,161
6,44,5,ALL,00:24:43.2,161
7,50,65,ALL,00:25:19.4,161
8,26,45,ALL,00:25:47.1,161
9,88,22,ALL,00:26:08.6,161
1,1,1,Loop-Beer,00:55:00.0,162
7,37,331,ALL,01:05:28.1,162
5,38,20,Loop-Beer,01:10:14.7,162
6,100,22,Loop-Beer,01:11:56.7,162
7,11,2,Loop-Beer,01:11:57.7,162
8,35,282,ALL,01:14:12.0,162
9,50,308,ALL,01:14:14.3,162
10,80,9,Loop-Beer,01:20:02.5,162
8,53,3,Loop-Beer,01:24:10.4,162
9,93,29,Loop-Beer,01:44:22.9,162
2,85,7,Loop-Beer,00:55:36.0,162
4,33,4,Loop-Beer,01:02:57.4,162
3,51,65,Loop-Beer,00:58:51.0,162
4,77,112,ALL,00:36:07.0,162
2,44,5,ALL,00:26:28.0,162
3,28,16,ALL,00:27:41.0,162
6,27,266,ALL,00:56:51.0,162
5,52,35,ALL,00:55:42.0,162
1,101,8,ALL,00:24:13.0,162
2,1,1,ALL,00:24:28.0,163
10,50,12,ALL,00:30:21.3,163
11,33,154,ALL,00:36:48.5,163
12,28,273,ALL,00:37:31.0,163
13,80,136,ALL,00:54:02.1,163
14,77,112,ALL,00:54:03.4,163
15,38,301,ALL,00:54:55.2,163
3,44,5,ALL,00:24:29.0,163
5,35,239,ALL,00:24:48.9,163
1,47,8,ALL,00:20:25.0,163
6,88,16,ALL,00:25:48.0,163
7,37,50,ALL,00:28:06.5,163
4,49,22,ALL,00:24:32.0,163
8,85,4,ALL,00:29:48.1,163
9,11,2,ALL,00:30:11.7,163
2,1,1,ALL,00:24:28.8,164
10,27,3,ALL,00:35:28.7,164
11,77,33,ALL,00:35:30.0,164
12,26,325,ALL,00:39:55.2,164
1,73,8,ALL,00:23:48.0,164
3,53,7,ALL,00:24:37.5,164
4,88,16,ALL,00:25:18.7,164
5,85,38,ALL,00:26:17.8,164
6,49,22,ALL,00:27:09.8,164
7,33,48,ALL,00:30:35.6,164
8,11,2,ALL,00:30:48.8,164
9,93,4,ALL,00:30:50.9,164
3,1,1,ALL,00:24:11.0,165
10,50,328,ALL,00:44:17.4,165
1,73,8,ALL,00:21:11.0,165
2,87,7,ALL,00:23:34.0,165
4,88,16,ALL,00:24:40.4,165
5,44,5,ALL,00:26:07.1,165
6,26,4,ALL,00:28:44.0,165
7,93,355,ALL,00:29:22.5,165
8,77,33,ALL,00:32:57.8,165
9,8,143,ALL,00:33:22.9,165
2,44,5,ALL,00:24:00.9,166
10,27,3,ALL,00:34:34.8,166
11,88,56,ALL,00:36:22.4,166
3,100,1,ALL,00:24:12.4,166
4,80,16,ALL,00:24:32.8,166
5,55,7,ALL,00:24:47.8,166
6,77,68,ALL,00:26:14.4,166
7,49,22,ALL,00:30:29.4,166
8,11,2,ALL,00:30:30.9,166
9,73,4,ALL,00:30:32.1,166
1,26,8,ALL,00:20:42.0,166
2,1,1,ALL,00:24:50.0,167
10,11,2,ALL,00:42:41.0,167
11,27,4,ALL,00:42:43.2,167
4,80,16,ALL,00:24:52.1,167
3,44,5,ALL,00:24:52.0,167
1,26,8,ALL,00:20:32.0,167
5,100,68,ALL,00:26:02.6,167
6,53,19,ALL,00:30:33.8,167
7,73,48,ALL,00:30:41.2,167
8,47,33,ALL,00:32:33.9,167
9,101,56,ALL,00:34:42.8,167
3,1,1,ALL,00:23:41.0,168
10,27,33,ALL,00:33:05.1,168
11,33,3,ALL,00:35:16.6,168
12,77,137,ALL,00:35:30.5,168
13,47,10,ALL,00:37:15.4,168
4,53,49,ALL,00:23:43.0,168
2,88,22,ALL,00:23:36.0,168
1,26,8,ALL,00:22:45.0,168
5,93,4,ALL,00:26:33.1,168
6,8,16,ALL,00:28:44.3,168
7,73,46,ALL,00:28:59.3,168
8,55,48,ALL,00:30:35.5,168
9,11,2,ALL,00:31:07.2,168
1,88,16,ALL,00:26:47.0,169
3,50,4,ALL,00:28:20.9,169
4,47,48,ALL,00:30:07.4,169
5,80,203,ALL,00:33:36.2,169
6,93,10,ALL,00:41:07.9,169
7,85,293,ALL,00:41:12.4,169
1,77,176,ALL,00:19:00.0,169
2,73,8,ALL,00:21:31.0,169
2,1,1,ALL,00:23:40.0,170
1,73,8,ALL,00:20:22.0,170
3,44,5,ALL,00:25:05.6,170
4,80,16,ALL,00:25:20.6,170
5,85,370,ALL,00:25:33.4,170
6,93,114,ALL,00:26:09.0,170
3,1,1,ALL,00:24:05.0,171
9,2,7,ALL,00:26:45.0,171
11,26,56,ALL,00:34:31.2,171
12,93,4,ALL,00:39:21.8,171
13,8,172,ALL,00:39:26.1,171
1,101,8,ALL,00:21:44.0,171
2,73,78,ALL,00:21:56.0,171
4,44,5,ALL,00:24:49.5,171
5,100,38,ALL,00:25:20.2,171
6,85,68,ALL,00:25:50.0,171
7,88,16,ALL,00:26:02.8,171
8,49,22,ALL,00:26:20.4,171
10,11,2,ALL,00:29:04.2,171
2,1,1,ALL,00:22:56.0,172
1,101,8,ALL,00:21:05.0,172
3,26,283,ALL,00:22:57.0,172
4,33,291,ALL,00:22:57.0,172
5,80,16,ALL,00:25:13.3,172
6,44,5,ALL,00:25:41.1,172
7,85,4,ALL,00:28:18.2,172
8,11,2,ALL,00:28:20.2,172
3,1,1,ALL,00:24:55.0,173
1,47,8,ALL,00:23:49.0,173
2,88,16,ALL,00:24:44.0,173
4,44,5,ALL,00:25:19.2,173
5,26,4,ALL,00:25:30.2,173
6,2,15,ALL,00:28:38.9,173
7,11,2,ALL,00:29:44.0,173
8,77,20,ALL,00:29:45.5,173
9,55,280,ALL,01:00:59.8,173
4,1,1,ALL,00:23:29.0,174
10,11,2,ALL,00:28:44.1,174
11,100,20,ALL,00:28:57.3,174
12,48,56,ALL,00:33:24.0,174
13,27,3,ALL,00:38:12.6,174
2,35,78,ALL,00:21:44.0,174
3,93,174,ALL,00:22:11.0,174
5,44,5,ALL,00:23:53.3,174
6,80,16,ALL,00:24:05.1,174
1,26,8,ALL,00:20:30.0,174
7,47,223,ALL,00:24:34.9,174
8,101,7,ALL,00:24:49.0,174
9,56,38,ALL,00:28:07.7,174
